ddate,timestamp,calculated_vix,market_vix,dte1,dte2,f1,f2,k0_1,k0_2,sigma1,sigma2,r1,r2,call_volume,put_volume,put_call_volume_ratio,call_oi,put_oi,put_call_oi_ratio,avg_call_iv,avg_put_iv,put_call_iv_ratio,otm_put_iv_skew,vix_diff,calc_time
2018-07-02,2024-12-22 14:12:09.540250,15.827243964292553,15.600000381469727,25,32,2727.546612800211,2727.645897460698,2730.0,2730.0,0.022392203284983342,0.024156141622242524,0.018910317541510353,0.018910317541510353,109894,127022,1.1558592825813967,351480,744813,2.1190764766131784,0.17600371155885472,0.22029681866383882,1.2516600741693604,1.4651444747333886,0.22724358282282608,1.4856548309326172
2018-07-03,2024-12-22 14:12:10.958817,16.430063368305774,16.139999389648438,24,31,2713.247659154391,2713.347190473061,2715.0,2715.0,0.02417126776924064,0.025757605894252886,0.019009374028492048,0.019009374028492048,20798,58056,2.791422252139629,363180,761369,2.0963957266369295,0.21875101171458997,0.21432843450479233,0.9797825976888834,1.4984738896449417,0.29006397865733646,1.4183423519134521
2018-07-05,2024-12-22 14:12:12.603612,15.112364059224904,14.970000267028809,29,36,2738.7981219215562,2737.9961546964405,2740.0,2740.0,0.021617474695496772,0.021728473079421193,0.018613118640599294,0.018613118640599294,20454,77907,3.8088882370196537,355619,667997,1.8784063843607905,0.17003800856531048,0.21408201284796574,1.259024465496126,1.443420610165129,0.14236379219609496,1.6445708274841309
2018-07-06,2024-12-22 14:12:13.992555,13.493514413061714,13.369999885559082,28,35,2762.546310478617,2761.803350859772,2765.0,2760.0,0.016988366563669276,0.017776807026108805,0.018514042525353637,0.018514042525353637,30756,65229,2.120854467420991,364205,707883,1.9436388846940598,0.21955847457627117,0.1970655720338983,0.8975539314263217,1.4793581841452839,0.12351452750263192,1.3887231349945068
2018-07-09,2024-12-22 14:12:15.378778,12.6729094978772,12.6899995803833,25,32,2787.4965980310462,2786.9032647720114,2785.0,2785.0,0.014469876380945936,0.01545106097615045,0.018613118640599294,0.018613118640599294,75516,94745,1.2546347793845014,211377,372159,1.7606409401212053,0.14334179487179488,0.20111371794871793,1.4030361356127454,1.3970167951338008,0.017090082506101112,1.3860080242156982
2018-07-10,2024-12-22 14:12:16.763695,12.677015550096257,12.640000343322754,24,31,2796.7022383907556,2796.101843711496,2795.0,2795.0,0.014272375673145075,0.0153495759156172,0.018712189848049957,0.018712189848049957,53243,77776,1.4607741862780084,189972,352534,1.8557155791379782,0.1817801778907243,0.19575146124523507,1.0768581234578256,1.4281151911371062,0.03701520677350345,1.3846933841705322
2018-07-11,2024-12-22 14:12:18.392074,13.677372164552978,13.630000114440918,30,37,2773.1970599533147,2772.504986943831,2775.0,2775.0,0.017722469304728396,0.01840623678460599,0.018811256148191385,0.018811256148191385,44024,108486,2.464246774486644,595916,1115542,1.8719786010108808,0.21848168238993712,0.22017169811320755,1.007735274210559,1.4205133823085934,0.04737205011205958,1.6281373500823975
2018-07-12,2024-12-22 14:12:19.821190,12.591314499960236,12.579999923706055,29,36,2797.9968365225354,2797.354533510067,2800.0,2795.0,0.014885578210620793,0.015788358600223547,0.018811256148191385,0.018811256148191385,89833,129290,1.439226119577438,514930,965246,1.8745188666420678,0.20156426618049225,0.21879617137648133,1.0854908735686246,1.3854570920879774,0.011314576254180864,1.4289133548736572
2018-07-13,2024-12-22 14:12:21.219470,12.221487138769495,12.180000305175781,28,35,2802.45370928044,2801.753251015836,2800.0,2800.0,0.013788383920614567,0.014993237650657498,0.018613118640599294,0.018613118640599294,120359,151558,1.2592161782666855,494521,989703,2.00133664697758,0.19396508226691042,0.22168427787934186,1.1429081734117885,1.3792489398884695,0.04148683359371397,1.398061752319336
2018-07-16,2024-12-22 14:12:22.862303,12.86117837038508,12.829999923706055,25,32,2796.0514516570524,2795.450785592632,2795.0,2795.0,0.015040532553195606,0.0158699783429801,0.018910317541510353,0.018910317541510353,41043,103870,2.5307604219964426,509111,1000393,1.9649801320340752,0.2157896614821592,0.22479478499542543,1.041731023865621,1.4224605899756322,0.03117844667902503,1.6426255702972412
2018-07-17,2024-12-22 14:12:24.252233,12.076266352348322,12.0600004196167,24,31,2810.700946102493,2810.0,2810.0,2810.0,0.01296827832966048,0.014043513374364566,0.019207472285389424,0.019207472285389424,41789,97358,2.3297518485725908,513857,1006451,1.9586207836032203,0.16873679852805887,0.2197381784728611,1.3022540452924458,1.4189107039571298,0.016265932731622357,1.3896880149841309
2018-07-18,2024-12-22 14:12:25.642492,12.133598781468,12.100000381469727,30,37,2814.599348834743,2815.250501323174,2815.0,2815.0,0.014067874978174128,0.014738336522188426,0.018910317541510353,0.018910317541510353,109284,232936,2.131473957761429,628779,1198003,1.9052846866705153,0.1545576953433307,0.218640726124704,1.414622064847828,1.4378473013425355,0.033598399998274076,1.3900432586669922
2018-07-19,2024-12-22 14:12:27.256331,12.90589148937913,12.869999885559082,29,36,2804.6494463914437,2805.350680098429,2805.0,2805.0,0.015663648488347344,0.016345789805105045,0.018811256148191385,0.018811256148191385,81030,265143,3.2721584598296927,559706,1118181,1.9978006310455847,0.22182940108892918,0.22581098003629765,1.0179488333278792,1.4373688813106729,0.035891603820047635,1.6136088371276855
2018-07-20,2024-12-22 14:12:28.661054,12.905050683539415,12.859999656677246,28,35,2799.849776174663,2800.4508377149427,2800.0,2800.0,0.015614673480587508,0.01639520863759488,0.018514042525353637,0.018514042525353637,50320,149210,2.965222575516693,584657,1249309,2.136823812936474,0.18220969807868254,0.2320754803293687,1.2736724926087795,1.4267252239798958,0.04505102686216844,1.4044930934906006
2018-07-23,2024-12-22 14:12:30.046273,12.660880071890052,12.619999885559082,25,32,2810.6008124792133,2811.2521593185966,2810.0,2810.0,0.01482503946679776,0.015348219957855859,0.018712189848049957,0.018712189848049957,33103,95920,2.8976225719723288,592975,1327563,2.2388178253720645,0.2328365671641791,0.23169076492537313,0.9950789420546728,1.4597021416671294,0.04088018633096979,1.3850111961364746
2018-07-24,2024-12-22 14:12:31.420557,12.45464932434471,12.40999984741211,24,31,2819.549401318612,2820.2003423247247,2820.0,2820.0,0.01427238949354422,0.01477053500405069,0.01910842560962332,0.01910842560962332,78354,118853,1.5168721443704214,577411,1335747,2.313338332660791,0.2289371807000946,0.2267268684957427,0.990345333171341,1.4323651573424554,0.044649476932599796,1.3740644454956055
2018-07-25,2024-12-22 14:12:33.043795,12.329115904229134,12.289999961853027,30,37,2840.8013135741694,2840.801604234157,2840.0,2840.0,0.014400672534939391,0.015441262434501434,0.018910317541510353,0.018910317541510353,76264,140148,1.8376691492709536,786943,1634005,2.0763956220463236,0.21373284789644012,0.224347572815534,1.0496635169725386,1.4020476327512197,0.039115942376106716,1.6230394840240479
2018-07-26,2024-12-22 14:12:34.433981,12.158792069264416,12.140000343322754,29,36,2841.6526098689083,2841.6532061783087,2840.0,2840.0,0.013822324462316859,0.014900522527153556,0.018811256148191385,0.018811256148191385,140295,129659,0.9241883174738943,329377,591775,1.7966494321097102,0.19097588383838385,0.18519330808080808,0.9697209111362493,1.519725349370154,0.018791725941662563,1.3898305892944336
2018-07-27,2024-12-22 14:12:35.822692,13.064208188874508,13.029999732971191,28,35,2816.6024610956365,2816.502852208168,2815.0,2815.0,0.015851158918245026,0.01681212283783215,0.018910317541510353,0.018910317541510353,28776,92912,3.228801779260495,338397,622253,1.8388254032984925,0.17822300771208227,0.19627519280205655,1.1012898689216233,1.4994641316967932,0.03420845590331645,1.3885083198547363
2018-07-30,2024-12-22 14:12:37.190726,14.300210340418415,14.260000228881836,25,32,2802.4534049550252,2802.4042117938748,2800.0,2800.0,0.01861050650035425,0.01961498604771592,0.019009374028492048,0.019009374028492048,104213,197127,1.891577826182914,330617,667983,2.0204133483759152,0.1928837837837838,0.1971157014157014,1.0219402458252345,1.554700886218998,0.04021011153657916,1.367807388305664
2018-07-31,2024-12-22 14:12:38.563037,12.850209462156842,12.829999923706055,24,31,2823.347758394136,2823.347146518727,2825.0,2825.0,0.014778556555172975,0.015756986034343383,0.01930651405627663,0.01930651405627663,26494,89684,3.385068317354873,348100,730195,2.0976587187589772,0.2104956241956242,0.1913952380952381,0.909259937476728,1.548027019630284,0.020209538450787434,1.372074842453003
2018-08-01,2024-12-22 14:12:40.159257,13.187309110874118,13.149999618530273,30,37,2810.1001667790924,2810.0,2810.0,2810.0,0.01647522204496518,0.01703449336413022,0.019207472285389424,0.019207472285389424,49694,90566,1.8224735380528836,434464,929874,2.1402785961552624,0.19500523560209423,0.20460869109947644,1.0492471674810717,1.475455328824641,0.0373094923438444,1.595996379852295
2018-08-02,2024-12-22 14:12:41.537773,12.208557125321024,12.1899995803833,29,36,2827.6462829139796,2827.4951421540777,2830.0,2825.0,0.013985183967844303,0.014781036070179025,0.018811256148191385,0.018811256148191385,29684,61139,2.0596617706508558,342122,669407,1.9566324293673016,0.17992471337579619,0.19687159235668789,1.0941887229548948,1.4800489928589302,0.01855754493772288,1.3783090114593506
2018-08-03,2024-12-22 14:12:42.924439,11.646045482331457,11.640000343322754,28,35,2839.2488463614204,2839.098288675099,2840.0,2840.0,0.012610062011794224,0.013332891152150661,0.018910317541510353,0.018910317541510353,119424,162368,1.3595927116827438,360628,680644,1.8873853389087925,0.18117047496790759,0.19329409499358152,1.0669182990651291,1.470731859621597,0.006045139008703515,1.3864285945892334
2018-08-06,2024-12-22 14:12:44.304994,11.262588779069272,11.270000457763672,25,32,2849.5493713390692,2849.3488533568047,2850.0,2850.0,0.011506474874863408,0.01217872494737848,0.01910842560962332,0.01910842560962332,27622,71126,2.5749764680327276,379108,667475,1.760646042816295,0.16576818774445892,0.1916670143415906,1.1562352038079597,1.4351506813711639,0.007411678694399626,1.3803296089172363
2018-08-07,2024-12-22 14:12:45.915540,10.946916675062306,10.930000305175781,24,31,2858.9986275038445,2858.8980781458777,2860.0,2860.0,0.010772543577540589,0.011428772415046048,0.019504582885356676,0.019504582885356676,46532,71380,1.5339981088283332,368888,665721,1.804669710047494,0.14224936224489795,0.18272040816326532,1.2845077494877764,1.4618611412476072,0.016916369886525118,1.6103289127349854
2018-08-08,2024-12-22 14:12:47.292321,10.870756920564338,10.850000381469727,30,37,2854.248749156807,2854.0480650060613,2855.0,2855.0,0.01119537057088397,0.012390910095711288,0.019207472285389424,0.019207472285389424,77399,122367,1.580989418467939,476452,831285,1.7447402886334824,0.15150494736842107,0.18461136842105264,1.2185170954987052,1.43515999399031,0.02075653909461117,1.3765742778778076
2018-08-09,2024-12-22 14:12:48.657522,11.28674002740401,11.270000457763672,29,36,2852.946723258023,2852.7455818474687,2855.0,2855.0,0.011906531606157159,0.012860142314266309,0.019009374028492048,0.019009374028492048,56099,73635,1.3125902422503075,266423,479893,1.8012446372873212,0.1868686224489796,0.1749619897959184,0.936283403296816,1.4972766388034715,0.016739569640337848,1.3649945259094238
2018-08-10,2024-12-22 14:12:50.048447,13.181558957050404,13.15999984741211,28,35,2836.552409182987,2836.402689975987,2835.0,2835.0,0.01627530229547081,0.016836185274644633,0.01910842560962332,0.01910842560962332,30506,59517,1.950993247230053,240603,491057,2.0409429641359416,0.19436328626444158,0.1963002567394095,1.0099657219848228,1.5183598434056227,0.02155910963829477,1.3907055854797363
2018-08-13,2024-12-22 14:12:51.651533,14.839589991259256,14.779999732971191,25,32,2824.749648932322,2824.59929071263,2825.0,2825.0,0.02038499596642628,0.02101355803013615,0.019207472285389424,0.019207472285389424,18899,52137,2.7587173924546273,245057,482829,1.9702722223809155,0.2078305941845765,0.21334538558786348,1.0265350316921542,1.5241350665567428,0.059590258288064746,1.6028785705566406
2018-08-14,2024-12-22 14:12:53.023977,13.34731333431344,13.3100004196167,24,31,2840.250343124039,2840.1502620710166,2840.0,2840.0,0.016025275696883834,0.01698903483968274,0.019504582885356676,0.019504582885356676,13521,46192,3.4163153612898456,247894,483116,1.948881376717468,0.18842786259541985,0.20390737913486007,1.0821508896095522,1.4979518937765524,0.03731291469674147,1.37223219871521
2018-08-15,2024-12-22 14:12:54.404340,14.641003014738265,14.640000343322754,30,37,2820.901524249869,2821.9039299126143,2820.0,2820.0,0.020307691826296576,0.021070516582778195,0.019504582885356676,0.019504582885356676,203385,296000,1.4553678983209184,1582946,2507156,1.5838544081731152,0.24369749999999998,0.242932265625,0.9968599005939742,1.4536138844183815,0.001002671415511358,1.380143404006958
2018-08-16,2024-12-22 14:12:55.788527,13.483445824678459,13.449999809265137,29,36,2844.0985239237875,2845.050100016356,2845.0,2845.0,0.017061827790176988,0.01814355139534937,0.019504582885356676,0.019504582885356676,109069,186735,1.712081343003053,1480526,2279370,1.5395676941843641,0.20393656583629893,0.23391690391459075,1.147008154007836,1.4201921514323472,0.03344601541332182,1.3839757442474365
2018-08-17,2024-12-22 14:12:57.399899,12.660829453508752,12.640000343322754,28,35,2851.2519731241805,2852.2543580032466,2850.0,2850.0,0.014824420077026236,0.0160358054728147,0.019405550922770264,0.019405550922770264,210956,311377,1.4760281764917802,1511417,2341742,1.5493685726705468,0.2120422735346359,0.22719547069271756,1.07146309509649,1.425589685011101,0.02082911018599809,1.611171007156372
2018-08-20,2024-12-22 14:12:58.775035,12.513005829917564,12.489999771118164,25,32,2857.746840390897,2858.647606155127,2860.0,2860.0,0.013896725975330747,0.015130235015086715,0.019207472285389424,0.019207472285389424,80196,135237,1.686330989076762,1553119,2331685,1.5012919164597176,0.19301973094170402,0.22920547085201792,1.1874717145950366,1.3915055432325678,0.023006058799399653,1.3749237060546875
2018-08-21,2024-12-22 14:13:00.156316,12.936132873766889,12.859999656677246,24,31,2860.2002717098017,2861.2020752591075,2860.0,2860.0,0.014785076780994433,0.015993523320938494,0.01930651405627663,0.01930651405627663,201866,210922,1.0448614427392429,1586634,2398787,1.5118716729882253,0.2002918772563177,0.2276003610108303,1.1363434410251465,1.406988942374008,0.07613321708964271,1.3810594081878662
2018-08-22,2024-12-22 14:13:01.550689,12.313887505794243,12.25,30,37,2860.901503523244,2861.503086793538,2860.0,2860.0,0.014489039729775182,0.016303817713386265,0.019405550922770264,0.019405550922770264,150441,313983,2.08708397311903,1788668,2886325,1.6136728560023437,0.20959160246533126,0.22149391371340524,1.0567881112986994,1.3968036532765398,0.06388750579424318,1.394157886505127
2018-08-23,2024-12-22 14:13:03.149120,12.439086290037885,12.40999984741211,29,36,2857.896590826134,2858.296609608747,2860.0,2860.0,0.014350191379321038,0.016165832085560376,0.01930651405627663,0.01930651405627663,100476,156129,1.55389346709662,1687680,2793907,1.655472008911642,0.22713427812223205,0.23023339238263948,1.013644414599278,1.4020634348484715,0.029086442625775533,1.5982084274291992
2018-08-24,2024-12-22 14:13:04.530261,12.02875360988066,11.989999771118164,28,35,2876.802815339722,2877.254390464198,2875.0,2875.0,0.013169650832741854,0.015038793775420722,0.019405550922770264,0.019405550922770264,74485,180638,2.4251594280727664,1711251,2838594,1.6587829605358886,0.1872310553633218,0.23349489619377162,1.2470949103004032,1.3662772639088594,0.03875383876249572,1.3809304237365723
2018-08-27,2024-12-22 14:13:05.899504,12.1366595494384,12.15999984741211,25,32,2898.5479533032076,2898.8980192606714,2900.0,2900.0,0.012416407528409366,0.014481895591848608,0.019504582885356676,0.019504582885356676,218564,237992,1.0888892955839022,1737239,2862850,1.6479309985557542,0.19203704028021015,0.23456120840630473,1.221437323049999,1.3531655315217899,0.023340297973708957,1.3690357208251953
2018-08-28,2024-12-22 14:13:07.267169,12.503282933025641,12.5,24,31,2899.4492530979,2899.8497379289834,2900.0,2900.0,0.013217701077886373,0.015037240982373846,0.019504582885356676,0.019504582885356676,132320,160832,1.2154776299879082,1712551,2798226,1.6339519231836015,0.2313769713261649,0.22901998207885305,0.9898132072790025,1.382617106089008,0.0032829330256411993,1.3674466609954834
2018-08-29,2024-12-22 14:13:08.898016,12.246251774934718,12.25,30,37,2915.1502553325413,2915.8016631098812,2915.0,2915.0,0.014207748871745536,0.015164179437756392,0.019603609944520616,0.019603609944520616,185430,204703,1.1039367955562747,1846686,3000288,1.6246876837751518,0.22693273716951787,0.23293561430793158,1.026452230794403,1.3320299318875217,0.0037482250652818294,1.6306204795837402
2018-08-30,2024-12-22 14:13:10.273059,13.551726618173198,13.529999732971191,29,36,2902.5041210461063,2902.945848609324,2905.0,2905.0,0.01732609878081828,0.017751318725766914,0.019603609944520616,0.019603609944520616,69009,118365,1.7152110594270313,380376,779288,2.0487307295938755,0.21453457249070632,0.2102992565055762,0.9802581190716309,1.4096499529039672,0.02172688520200694,1.3748297691345215
2018-08-31,2024-12-22 14:13:11.654248,12.868886395530277,12.859999656677246,28,35,2905.951499574377,2906.5029269761317,2905.0,2905.0,0.015445999790230473,0.01618113194633857,0.019405550922770264,0.019405550922770264,31655,85929,2.7145474648554733,364593,788321,2.1621945566700402,0.19569863184079603,0.2135723880597015,1.0913330668220822,1.3975485337287237,0.008886738853030707,1.3807549476623535
2018-09-04,2024-12-22 14:13:13.025092,13.20327321647246,13.15999984741211,24,31,2898.9985996131113,2899.5992869396705,2900.0,2900.0,0.015938170901610024,0.016590689675495967,0.019900661706336174,0.019900661706336174,76498,123784,1.6181338074198017,356565,780204,2.1881115645113796,0.20695186781609196,0.21384166666666665,1.0332917935135397,1.4453240142639068,0.043273369060351285,1.370645523071289
2018-09-05,2024-12-22 14:13:14.644316,13.92259331331997,13.90999984741211,30,37,2889.5492223852593,2889.498944789118,2890.0,2890.0,0.018363657274872814,0.0192367831730564,0.019900661706336174,0.019900661706336174,78506,137725,1.7543245102285177,493622,1043294,2.113548423692623,0.22063470411233702,0.19922326980942828,0.9029552744702981,1.5402894902668627,0.01259346590786059,1.6190285682678223
2018-09-06,2024-12-22 14:13:16.010254,14.696781667370109,14.649999618530273,29,36,2880.100165675186,2880.1002035308093,2880.0,2880.0,0.020299226520488316,0.021261385995807573,0.019702632100748494,0.019702632100748494,18524,48815,2.635229971928309,239479,493201,2.059474943523232,0.21107587939698497,0.1942368090452261,0.9202226687394799,1.5634262950393758,0.04678204883983561,1.3657140731811523
2018-09-07,2024-12-22 14:13:17.385405,14.919994089563174,14.880000114440918,28,35,2876.101762952483,2876.102179341861,2875.0,2875.0,0.020781919905412075,0.02171017150429742,0.019702632100748494,0.019702632100748494,17253,54357,3.1505825073900193,244285,530579,2.1719671694946476,0.21627155388471178,0.19731002506265666,0.9123253683553642,1.6028001275297958,0.039993975122255776,1.3749644756317139
2018-09-10,2024-12-22 14:13:18.750121,14.189772174158174,14.15999984741211,25,32,2881.6023047971653,2881.60291035637,2880.0,2880.0,0.018330418495823512,0.019311207930698213,0.019702632100748494,0.019702632100748494,28358,59415,2.0951759644544747,242088,543981,2.247038267076435,0.19864201257861633,0.20128603773584905,1.0133105032662026,1.5228953195904904,0.029772326746064337,1.364525318145752
2018-09-11,2024-12-22 14:13:20.119622,13.243848843245424,13.220000267028809,24,31,2891.0514850469995,2891.1520704646173,2890.0,2890.0,0.015466631114281124,0.01676741484985126,0.020098671706002862,0.020098671706002862,56630,101638,1.7947730884690094,247299,550000,2.2240284028645485,0.17991147540983607,0.1957953341740227,1.0882870796762876,1.5256771139017737,0.02384857621661496,1.3693041801452637
2018-09-12,2024-12-22 14:13:21.739423,13.162630914383596,13.140000343322754,30,37,2889.8998263362673,2890.601272559449,2890.0,2890.0,0.016413617613627165,0.017688895954311258,0.0199996691566667,0.0199996691566667,45007,102652,2.2808007643255492,675352,1448852,2.1453286582404436,0.18788325688073396,0.22968868501529052,1.2225074699503116,1.407335838178594,0.02263057106084254,1.6196091175079346
2018-09-13,2024-12-22 14:13:23.131738,12.40587832057554,12.369999885559082,29,36,2906.602690800093,2907.4049584578197,2905.0,2905.0,0.014356555546655537,0.015674759320853913,0.0199996691566667,0.0199996691566667,60714,185256,3.0512896531277796,597466,1207498,2.0210321591521527,0.2228390652557319,0.2178380070546737,0.9775575337505614,1.47432123117596,0.03587843501645871,1.3920893669128418
2018-09-14,2024-12-22 14:13:24.530381,12.05395318241075,12.069999694824219,28,35,2908.0968936411614,2909.0480941661813,2910.0,2910.0,0.013254126655872719,0.014908639906275471,0.020098671706002862,0.020098671706002862,56596,114862,2.029507385680967,614750,1333523,2.1692118747458315,0.19337772925764193,0.22589982532751093,1.168179118633351,1.4182939505584875,0.016046512413469216,1.3984436988830566
2018-09-17,2024-12-22 14:13:25.931075,13.675889505435876,13.680000305175781,25,32,2892.5036736868196,2893.3970549942924,2895.0,2895.0,0.017160629770744895,0.018040546622820126,0.020098671706002862,0.020098671706002862,64328,104754,1.6284355179704018,628078,1351243,2.151393616716395,0.2295878546099291,0.23127597517730492,1.0073528304458612,1.4679165048507206,0.0041107997399052465,1.4004955291748047
2018-09-18,2024-12-22 14:13:27.541914,12.755284711845013,12.789999961853027,24,31,2908.3977036101887,2909.298731691138,2910.0,2910.0,0.014517451074074391,0.01566059664111568,0.020395649952892274,0.020395649952892274,65232,143900,2.2059725288202108,652437,1357253,2.0802820808752416,0.23976148582600196,0.22781143695014663,0.9501585968460021,1.4677229215220704,0.034715250008014564,1.6106469631195068
2018-09-19,2024-12-22 14:13:28.922933,11.78812137864353,11.75,30,37,2912.103651547992,2913.4466799736465,2910.0,2915.0,0.013278176517464563,0.014381088565844786,0.02019766935482919,0.02019766935482919,64965,282644,4.350711921804049,728729,1482233,2.0339975491575055,0.20126365187713308,0.22108728668941982,1.098495851721843,1.3996061179325474,0.03812137864352927,1.380690574645996
2018-09-20,2024-12-22 14:13:30.301273,11.903782182929268,11.800000190734863,29,36,2936.5526325414003,2937.8455140262627,2935.0,2940.0,0.013278102220629705,0.014137960004475503,0.02019766935482919,0.02019766935482919,72080,135942,1.8859877913429524,637095,1311733,2.0589284172690103,0.22701278493557978,0.22311992071357778,0.9828517842151194,1.3998639883369906,0.10378199219440454,1.3781285285949707
2018-09-21,2024-12-22 14:13:31.676210,11.658937859246187,11.680000305175781,28,35,2931.1518905363655,2932.40492234831,2930.0,2930.0,0.012647364051643059,0.013577024226553528,0.020395649952892274,0.020395649952892274,125805,196845,1.5646834386550614,661452,1369722,2.070780646214691,0.24071310344827587,0.21113615763546797,0.8771278115353477,1.4491457372573588,0.021062445929594276,1.3747444152832031
2018-09-24,2024-12-22 14:13:33.278900,12.225842195104638,12.199999809265137,25,32,2922.3034278853283,2923.7476233659854,2920.0,2925.0,0.01382916238251353,0.014309887331850063,0.02059361095473646,0.02059361095473646,85444,153144,1.7923318196713638,798268,1683004,2.1083195117429234,0.2173850632911392,0.21600835443037975,0.993666957426069,1.4336321988755694,0.025842385839501603,1.602487325668335
2018-09-25,2024-12-22 14:13:34.656390,12.441224451566036,12.420000076293945,24,31,2918.247430370497,2919.448960968417,2920.0,2920.0,0.014059751076149775,0.01476227697908716,0.02108842775134212,0.02108842775134212,54874,123282,2.24663775194081,825261,1703313,2.0639688534899867,0.21668894557823132,0.21771437074829927,1.0047322449575433,1.4383136019418903,0.021224375272090867,1.37727689743042
2018-09-26,2024-12-22 14:13:36.047394,12.910182020230835,12.890000343322754,30,37,2909.8497266004533,2910.501113008187,2910.0,2910.0,0.015790054717467618,0.01669427351515762,0.020989474185283012,0.020989474185283012,77732,161520,2.0779087119847683,884640,1824104,2.061973232049195,0.24148399705014753,0.2128730088495575,0.8815201481253909,1.493560721960176,0.020181676908080703,1.3907885551452637
2018-09-27,2024-12-22 14:13:37.651611,12.410090953382436,12.40999984741211,29,36,2918.196837892982,2918.847518127073,2920.0,2920.0,0.014485013371013825,0.015105532211393992,0.020890515723077294,0.020890515723077294,19316,198200,10.260923586663905,245238,600379,2.448148329377992,0.20310011494252875,0.1884622988505747,0.9279280757861899,1.508489711989737,9.110597032702117e-05,1.6040277481079102
2018-09-28,2024-12-22 14:13:39.022065,12.156468430481743,12.119999885559082,28,35,2918.196912088491,2919.047985318145,2920.0,2920.0,0.013820907532947962,0.01436281274554549,0.02108842775134212,0.02108842775134212,24607,94344,3.8340309667980654,257551,775376,3.010572663278341,0.20226338354577053,0.18408435689455388,0.9101220085784687,1.5578526857622028,0.03646854492266094,1.3702571392059326
2018-10-11,2024-12-22 14:13:51.694990,24.96591492573953,24.979999542236328,29,36,2744.89982099601,2744.5490104117794,2745.0,2745.0,0.06002810946392677,0.05426715738854908,0.0212863201969596,0.0212863201969596,178064,417984,2.3473807170455565,548260,1306735,2.383422099004122,0.29014332514332514,0.2773440622440623,0.9558864127136467,1.5156432250799203,0.01408461649679893,1.3973193168640137
2018-10-12,2024-12-22 14:13:53.087377,21.380401269573525,21.309999465942383,28,35,2766.803116913345,2766.5031872170634,2765.0,2765.0,0.04418733183201161,0.04183306476005794,0.0212863201969596,0.0212863201969596,88156,260845,2.9589024002903943,581349,1363564,2.3455170646203913,0.23417356507679868,0.264742683912692,1.1305404340830187,1.4210404625597466,0.07040180363114246,1.392176628112793
2018-10-15,2024-12-22 14:13:54.490392,21.507468678978984,21.299999237060547,25,32,2747.5962125768297,2747.0540522518945,2750.0,2745.0,0.04668175875226859,0.043264688239959145,0.02158312215639731,0.02158312215639731,72772,150297,2.0653135821469797,584374,1435981,2.4572978948413176,0.27244373956594325,0.2678113522537563,0.9829969030686215,1.4166867764627473,0.20746944191843752,1.4028124809265137
2018-10-16,2024-12-22 14:13:56.138281,17.689950248750772,17.6200008392334,24,31,2817.303525447113,2816.6532210226164,2815.0,2815.0,0.030879445133611724,0.029484942401902005,0.021780965662345615,0.021790857323922243,56930,110924,1.9484278939047954,571127,1388941,2.4319302011636643,0.22403666092943203,0.2530611876075731,1.1295525766083585,1.3803699881370977,0.06994940951737405,1.6476926803588867
2018-10-17,2024-12-22 14:13:57.522827,17.49792126096643,17.399999618530273,30,37,2814.6994299828216,2815.551280349769,2815.0,2815.0,0.02900626564310346,0.02778552460835985,0.021879880076668568,0.021949117256051583,76171,315486,4.141812500820523,782032,1627150,2.080669333224216,0.23558723404255322,0.24804541452677914,1.0528813903472192,1.4120953405767092,0.09792164243615531,1.3843541145324707
2018-10-18,2024-12-22 14:13:58.901552,20.095399787907997,20.059999465942383,29,36,2771.10199703159,2771.9544039358348,2770.0,2770.0,0.038901062952027415,0.03678970591531618,0.021780965662345615,0.02186009758516283,69098,218827,3.166907869981765,709748,1575414,2.21968078811071,0.2683395614035088,0.25876798245614036,0.9643303473505518,1.413355048840897,0.03540032196561427,1.378514051437378
2018-10-19,2024-12-22 14:14:00.268919,20.01555786403529,19.889999389648438,28,35,2765.751316777124,2766.5032956150744,2765.0,2765.0,0.03889165306313679,0.03677469451732479,0.021780965662345615,0.021846909148783587,139183,233267,1.6759733588153725,739123,1677722,2.2698820088131475,0.23705084444444446,0.2558842666666667,1.0794488721032,1.4030690215859285,0.1255584743868532,1.3671660423278809
2018-10-22,2024-12-22 14:14:01.845788,19.75376096329199,19.639999389648438,25,32,2754.5993723127576,2755.350702157444,2755.0,2755.0,0.038396481142608525,0.03663812841052816,0.02168204635574956,0.02172820930767479,141084,231435,1.640405715743812,750735,1683019,2.2418283415586058,0.2719950877192982,0.2599911403508772,0.9558670435224581,1.4279507561431135,0.11376157364355421,1.57667875289917
2018-10-23,2024-12-22 14:14:03.234006,20.74261687705675,20.709999084472656,24,31,2744.7496173995337,2745.5510832682826,2745.0,2745.0,0.04326103881331243,0.04049351592625409,0.021978789599203175,0.021985383393453864,183197,328517,1.793244430858584,785829,1774923,2.2586631442718454,0.26485970017636684,0.27812336860670195,1.0500780919917336,1.4103358893791302,0.032617792584094474,1.388005256652832
2018-10-24,2024-12-22 14:14:04.612387,25.273339962323742,25.229999542236328,30,37,2664.298669959917,2663.9475556958955,2665.0,2665.0,0.06051237279642855,0.05942823167405611,0.021879880076668568,0.021949117256051583,100662,253732,2.520633406846675,1067730,2248034,2.105433021456735,0.29714999999999997,0.29843249235474006,1.0043159762905607,1.4557955971209802,0.043340420087414344,1.3781845569610596
2018-10-25,2024-12-22 14:14:05.993443,24.369430238172598,24.219999313354492,29,36,2684.6994504976765,2685.8519214035177,2685.0,2685.0,0.05647465460756895,0.05521898986735458,0.021780965662345615,0.021879880076668568,202787,228443,1.1265169858028374,455726,805703,1.767954867617823,0.262155981416957,0.2490171893147503,0.9498817763714895,1.4272485965337807,0.14943092481810538,1.380857229232788
2018-10-26,2024-12-22 14:14:07.586190,24.176575082644124,24.15999984741211,28,35,2669.6493882947375,2669.3485902411358,2670.0,2670.0,0.055762557654527346,0.05458904161599657,0.021484193063803954,0.02156663431411973,42022,219524,5.224025510446909,467710,848856,1.8149195014004404,0.2850294186046512,0.28088104651162793,0.9854458107751423,1.4054451452973493,0.016575235232014762,1.5925369262695312
2018-10-29,2024-12-22 14:14:08.965982,24.816704592385523,24.700000762939453,25,32,2642.5461336721805,2642.2043894246003,2645.0,2640.0,0.059463307000441536,0.0579913009305946,0.02158312215639731,0.021609502421321213,37350,127711,3.4193038821954485,465814,821454,1.7634807025980328,0.26675820045558085,0.2878463553530752,1.0790534456353322,1.439845713271718,0.11670382944607027,1.3795959949493408
2018-10-30,2024-12-22 14:14:10.342550,23.509728900348488,23.350000381469727,24,31,2683.7981439174973,2683.5972413481177,2685.0,2685.0,0.053109076766551785,0.052263884908081655,0.021978789599203175,0.02199527404406901,166167,151598,0.9123231447880746,465926,781162,1.6765795426741585,0.23699123831775704,0.267919976635514,1.1305058302462971,1.3560248022400563,0.1597285188787616,1.3763587474822998
2018-10-31,2024-12-22 14:14:11.722426,21.293468774399457,21.229999542236328,30,37,2704.799619988548,2704.5489491328954,2705.0,2705.0,0.04295480328438866,0.043019596539706946,0.021879880076668568,0.02201835203862427,131678,191992,1.458041586293838,627584,993204,1.582583367326127,0.2601395696913003,0.2415167446211413,0.9284121785383972,1.39364323919887,0.06346923216312916,1.3796839714050293
2018-11-01,2024-12-22 14:14:13.343610,19.395970163902827,19.34000015258789,29,36,2736.70314215389,2736.3530847859047,2735.0,2735.0,0.03549126907938075,0.036368583716100605,0.021978789599203175,0.022117254713467566,110319,158365,1.4355188136223134,447607,712489,1.5917735870976102,0.20308111490329922,0.23943754266211603,1.1790241686240919,1.3174334195373252,0.05597001131493684,1.6209802627563477
2018-11-02,2024-12-22 14:14:14.731380,19.575212341658066,19.510000228881836,28,35,2722.996456213973,2722.7450379057764,2725.0,2725.0,0.035913405470618276,0.03708835306135457,0.021780965662345615,0.0219293354493795,68243,109349,1.6023474935158184,475248,771392,1.6231357101976231,0.20692149321266967,0.2383593891402715,1.1519315148924167,1.3341118521547481,0.06521211277622996,1.3875682353973389
2018-11-05,2024-12-22 14:14:16.100935,19.982875698903168,19.959999084472656,25,32,2738.046880373656,2737.795543532517,2740.0,2740.0,0.03698439393606472,0.038097746941964314,0.021879880076668568,0.021939226377173358,166920,221439,1.3266175413371675,489143,818401,1.6731323968655383,0.2259111111111111,0.24437025462962966,1.0817097637550006,1.3379617636671013,0.02287661443051192,1.3693578243255615
2018-11-06,2024-12-22 14:14:17.470154,19.94549401475341,19.90999984741211,24,31,2758.1471127668615,2757.996023001632,2760.0,2760.0,0.037036622069782796,0.03777383024601746,0.02217659397084105,0.0221963733320669,44019,51021,1.15906767532202,520283,894409,1.7190817305197363,0.24411335697399528,0.24518321513002364,1.0043826285021442,1.3457631527116767,0.03549416734130162,1.3690307140350342
2018-11-07,2024-12-22 14:14:19.085299,16.366640797707806,16.360000610351562,30,37,2815.0,2815.400946705862,2815.0,2815.0,0.025376867147481497,0.026444079349023635,0.02217659397084105,0.022315045391753968,221258,288213,1.302610527076987,640620,1001995,1.5641019637226437,0.2411146859903382,0.2259983574879227,0.937306479527252,1.326700241561362,0.006640187356243388,1.6149523258209229
2018-11-08,2024-12-22 14:14:20.455796,16.74867007832973,16.719999313354492,29,36,2807.795933683201,2808.0956545622867,2810.0,2810.0,0.02647230544332396,0.027078922186085326,0.021978789599203175,0.02213703466154547,111575,120144,1.0768003585032488,312133,438332,1.4043116235707214,0.19656640625000002,0.22797287946428574,1.1597753848861736,1.3282612041060395,0.028670764975238683,1.3703100681304932
2018-11-09,2024-12-22 14:14:21.797149,17.37658451139388,17.360000610351562,28,35,2777.6457981988874,2777.7951043609396,2780.0,2780.0,0.028352823139180017,0.029116236944575276,0.021978789599203175,0.022127144711959302,23833,77353,3.245625812948433,380655,545540,1.433161261509766,0.17243145434047352,0.22595727170236754,1.3104179429827514,1.35315875564653,0.016583901042316995,1.3411402702331543
2018-11-12,2024-12-22 14:14:23.158688,20.426317924045126,20.450000762939453,25,32,2727.303733659661,2727.64517094209,2725.0,2730.0,0.039812156680701385,0.03943727952265407,0.022201318141808826,0.02225571024210158,81738,90769,1.1104871663118745,334100,549898,1.6459084106554924,0.24817048406139317,0.23295112160566706,0.9386737608491705,1.442494050013553,0.023682838894327318,1.3613450527191162
2018-11-13,2024-12-22 14:14:24.751409,20.082530361579,20.020000457763672,24,31,2726.0015676316884,2726.302597346458,2725.0,2725.0,0.03872830924506961,0.038140009878784714,0.022275488820911963,0.022301859955068712,106183,203083,1.9125754593484834,380525,578711,1.5208225477958084,0.23819415971394517,0.23084958283671037,0.9691655879134269,1.4482237508567462,0.06252990381532797,1.592472791671753
2018-11-14,2024-12-22 14:14:26.137836,21.281014236676693,21.25,30,37,2697.795744220372,2698.546542307487,2700.0,2700.0,0.042904569499733945,0.04302847509521436,0.022275488820911963,0.022483152090163105,146324,282286,1.9291845493562232,2503483,3750539,1.4981284075026673,0.2667864161849711,0.26404053468208094,0.9897075662915822,1.3794401152406859,0.03101423667669323,1.3862371444702148
2018-11-15,2024-12-22 14:14:27.523606,19.945900144699223,19.979999542236328,29,36,2734.799631999943,2735.451020860112,2735.0,2735.0,0.03762910981809962,0.038262588372988945,0.021879880076668568,0.022117254713467566,165109,241173,1.4606896050487859,2317737,3469105,1.4967638692396936,0.2231477216238608,0.2572969345484673,1.1530341097641528,1.375564568361124,0.03409939753710489,1.385561227798462
2018-11-16,2024-12-22 14:14:28.893576,18.26019963795133,18.139999389648438,28,35,2741.352413800639,2742.204863062133,2740.0,2740.0,0.03133263856353437,0.03234515837779505,0.021978789599203175,0.022143627934099793,234511,272050,1.1600735146752177,2342386,3332748,1.4228005119566118,0.22985046968403075,0.23973851409052094,1.043019465742589,1.3755442734012466,0.12020024830289344,1.3697750568389893
2018-11-19,2024-12-22 14:14:30.481131,20.179665508100996,20.100000381469727,25,32,2695.701135064717,2696.553182289762,2695.0,2695.0,0.038848140337857814,0.03849324405372225,0.02217659397084105,0.022235931467692968,131789,246830,1.8729180735873252,2342689,3304388,1.4105107421428964,0.2591470301850049,0.2511076923076923,0.968977696284718,1.3747274652471335,0.07966512663126935,1.5873689651489258
2018-11-20,2024-12-22 14:14:31.856353,22.568736459160963,22.479999542236328,24,31,2639.348985566735,2640.3005970818685,2640.0,2640.0,0.04928203755387005,0.048119385418749765,0.02217659397084105,0.02221615249768248,238619,284131,1.1907308303194633,2354628,3643352,1.547315329640181,0.28611669921875,0.26697207031250003,0.9330880407941062,1.4448056557380538,0.08873691692463481,1.375030517578125
2018-11-21,2024-12-22 14:14:33.257459,21.005078166978603,20.799999237060547,30,37,2648.547182589951,2650.451077801969,2650.0,2650.0,0.0417991555706098,0.04046593004983513,0.022374378781128735,0.022582031783260924,177637,360146,2.027426718532738,2449729,3736315,1.5251952358811933,0.27344164648910413,0.2708522195318806,0.9905302393016174,1.3270924709397005,0.20507892991805576,1.4009170532226562
2018-11-23,2024-12-22 14:14:34.624094,21.699004413029442,21.520000457763672,28,35,2629.298725852026,2630.551246726567,2630.0,2630.0,0.045361160361522844,0.043080143489421,0.022374378781128735,0.022539184516461835,60980,143908,2.359921285667432,2153471,3458302,1.6059199311251464,0.26856966192170817,0.25156645907473313,0.9366897857140256,1.4232612287094397,0.1790039552657703,1.3664135932922363
2018-11-26,2024-12-22 14:14:36.229466,19.028580442664893,18.899999618530273,25,32,2668.9983877974396,2670.651341241951,2670.0,2670.0,0.03554265629451344,0.034024564059650445,0.022275488820911963,0.022348008603162505,193643,338589,1.7485217642775623,2540847,3701639,1.456852380328292,0.24380190082644626,0.2428380991735537,0.9960467836812369,1.3881760809509691,0.12858082413461958,1.605180025100708
2018-11-27,2024-12-22 14:14:37.611674,19.04072810709869,19.020000457763672,24,31,2683.948320724802,2685.4008237745697,2685.0,2685.0,0.03592462910658004,0.03418979576767907,0.022967615882571304,0.022987387422428573,125228,228397,1.823849298878845,2650756,3829646,1.444737274950995,0.17597463054187193,0.2517576354679803,1.4306473307700813,1.3155714862471009,0.020727649335018583,1.3820164203643799
2018-11-28,2024-12-22 14:14:38.997602,18.51055913669189,18.489999771118164,30,37,2743.6473072754147,2744.248161931166,2745.0,2745.0,0.03246070732607062,0.032783963507672806,0.022967615882571304,0.02310601255715226,193475,263382,1.3613231683680063,2826495,3795241,1.34273756012305,0.2091502766251729,0.25176728907330564,1.2037626396474173,1.2913449512687345,0.02055936557372462,1.3857414722442627
2018-11-29,2024-12-22 14:14:40.374260,18.821433069158044,18.790000915527344,29,36,2745.601158937381,2746.102617032745,2745.0,2745.0,0.03349182311796361,0.0338940994143561,0.022967615882571304,0.0230269299157817,29343,50623,1.7252155539651706,483934,632608,1.30721957952944,0.24455520504731862,0.24146214511041011,0.9873523038026935,1.2723280777475152,0.031432153630699844,1.376465082168579
2018-11-30,2024-12-22 14:14:41.969841,18.069319475187704,18.06999969482422,28,35,2765.5510276847717,2766.1025445538535,2765.0,2765.0,0.030909508369046938,0.030976309420214402,0.022967615882571304,0.023000568340413835,128740,159823,1.2414401118533478,490372,666598,1.359372068552038,0.2176450267379679,0.23627989304812833,1.0856204554243996,1.2744990874156892,0.0006802196365143232,1.5953936576843262
2018-12-03,2024-12-22 14:14:43.347303,16.456332488409377,16.440000534057617,25,32,2792.404013215594,2792.8955592816487,2790.0,2795.0,0.025447834374253468,0.025721647277567032,0.02286875525132639,0.022901709338045584,55037,75698,1.375402002289369,521707,651751,1.249266350652761,0.23535898815931108,0.22366953713670612,0.9503335261847211,1.330562228663567,0.016331954351759492,1.3772614002227783
2018-12-04,2024-12-22 14:14:44.727141,20.77783541870841,20.739999771118164,24,31,2702.9966836971594,2703.4467258903755,2705.0,2705.0,0.04237931808551279,0.0407058750385924,0.023560677071062384,0.023577148482868602,121423,115258,0.9492270821837708,477190,708810,1.485383180703703,0.23396928176795584,0.23918408839779007,1.0222884243197623,1.4015779117279799,0.03783564759024571,1.3796606063842773
2018-12-06,2024-12-22 14:14:46.094547,21.210256175372223,21.190000534057617,29,36,2693.2465469565104,2693.7469545266104,2695.0,2695.0,0.04242678598429061,0.04356227486054211,0.023461845751397384,0.023580442748951377,87271,155060,1.7767643317940667,476119,679645,1.4274687630613354,0.2129075723830735,0.24604855233853004,1.1556590006851786,1.3708447205585947,0.020255641314605555,1.3669729232788086
2018-12-07,2024-12-22 14:14:47.696912,23.381636160478696,23.229999542236328,28,35,2636.4527210231113,2637.004666275052,2635.0,2635.0,0.05134024615390564,0.05270794437543318,0.023066471627346173,0.023198271686703884,55189,159912,2.897533928862636,451890,755415,1.67167894841665,0.2558830102622577,0.24572725199543902,0.9603109317167642,1.4291143944738152,0.1516366182423674,1.6021814346313477
2018-12-10,2024-12-22 14:14:49.077854,22.65317969089993,22.639999389648438,25,32,2644.549241010895,2645.2004268242736,2645.0,2645.0,0.04747489989946642,0.04897724489683572,0.023066471627346173,0.0231126026361179,37932,137396,3.6221659812295686,155676,493415,3.1694994732649864,0.2704252656434475,0.2546589138134593,0.9416979334661135,1.3882089133163307,0.0131803012514915,1.3807594776153564
2018-12-11,2024-12-22 14:14:50.452103,21.841032797965976,21.760000228881836,24,31,2642.203510076324,2642.7955264566904,2640.0,2645.0,0.04301583320619278,0.04547740783176558,0.02267101932749134,0.022697385246904102,12289,63140,5.13792822849703,138617,543214,3.918812266893671,0.22802048780487805,0.24843329268292685,1.0895218016352832,1.370779798705207,0.08103256908414025,1.3740546703338623
2018-12-12,2024-12-22 14:14:51.843074,21.50095797587969,21.459999084472656,30,37,2653.6473188773425,2654.3985431926553,2655.0,2655.0,0.04379600784131474,0.045340251991546066,0.02286875525132639,0.023053291143688277,142469,170715,1.1982606742519426,993777,1856963,1.8685912433071001,0.26985597295266717,0.2643414725770098,0.9795650238335669,1.3395279981844095,0.04095889140703335,1.390777826309204
2018-12-13,2024-12-22 14:14:53.457254,20.74071909511386,20.649999618530273,29,36,2646.1021704844793,2646.653984385952,2645.0,2645.0,0.040440820722089973,0.04258803308834615,0.023461845751397384,0.023540911197831114,56430,98035,1.7372851320219742,935285,1651805,1.7660980342890136,0.2088307558644657,0.25917645525629884,1.241083738759765,1.3555702785353165,0.09071947658358681,1.6139907836914062
2018-12-14,2024-12-22 14:14:54.837555,21.713569427816772,21.6299991607666,28,35,2603.8478049214973,2604.4988160147223,2605.0,2605.0,0.043947168437744565,0.046121332613139415,0.023461845751397384,0.023544205523602004,154021,204441,1.3273579576810954,924841,1706745,1.8454469470968524,0.266800086281277,0.25284831751509923,0.9477070305312084,1.4761063220351938,0.08357026705017034,1.3801100254058838
2018-12-17,2024-12-22 14:14:56.207926,24.58283190474386,24.520000457763672,25,32,2554.198627538101,2554.7494579422237,2555.0,2555.0,0.05791154722369954,0.05704165699998478,0.023461845751397384,0.023481612406039618,131701,203293,1.5435949613138853,991686,1803466,1.8185857216901318,0.28370958296362025,0.2724089618456078,0.9601683489152303,1.590898044823683,0.06283144698018717,1.3701860904693604
2018-12-18,2024-12-22 14:14:57.595418,25.749249834652883,25.579999923706055,24,31,2537.0032884571215,2537.154502756729,2535.0,2535.0,0.0630446038498383,0.06278243048902524,0.023363009547675697,0.023376187990379126,185532,228175,1.2298417523661687,1025005,1831680,1.7869961609943366,0.26114918594687236,0.30069957155098537,1.1514474780409962,1.3913870645222508,0.16924991094682795,1.3872957229614258
2018-12-19,2024-12-22 14:14:59.213805,25.60849668594742,25.579999923706055,30,37,2505.300603483836,2506.2029854168436,2505.0,2505.0,0.06266389831588715,0.05949106337040475,0.023363009547675697,0.023455256823102927,127673,440566,3.450737430780196,0,0,0.0,0.29364266862170085,0.294033211143695,1.0013299924150236,1.4058179613525144,0.028496762241363882,1.6181983947753906
2018-12-20,2024-12-22 14:15:00.592032,28.487252930001812,28.3799991607666,29,36,2486.0020051981064,2487.794532016557,2485.0,2490.0,0.07833425503828471,0.07316244442961035,0.02405476042543684,0.02405476042543684,134090,356101,2.6556864792303676,1058598,1847880,1.745591811055755,0.3141889337641357,0.2945237479806139,0.9374096803858643,1.5682526538837633,0.10725376923521068,1.3780272006988525
2018-12-21,2024-12-22 14:15:01.989717,30.27598821516273,30.110000610351562,28,35,2413.146427295327,2413.9975889095062,2415.0,2415.0,0.08889994199064763,0.08431234527269628,0.023955953518813775,0.02397242167557433,196516,353176,1.797186997496387,1024039,1886422,1.8421388247908528,0.28628031746031746,0.34207642857142856,1.1949002697988318,1.4411678443882823,0.1659876048111677,1.3974969387054443
2018-12-24,2024-12-22 14:15:03.382311,36.31071185713967,36.06999969482422,25,32,2343.547475418763,2344.0980003604236,2345.0,2345.0,0.13492679087322482,0.1221672091415903,0.02405476042543684,0.024061347378987352,233431,269427,1.1542040260291049,0,0,0.0,0.36622525252525256,0.3676149961149961,1.0037947781595091,1.4522959586470945,0.24071216231545378,1.392401933670044
2018-12-26,2024-12-22 14:15:05.008970,30.47774610301638,30.40999984741211,30,37,2470.901872478535,2471.052673215759,2470.0,2470.0,0.08800039018609865,0.08307892382131753,0.023955953518813775,0.024002064016035652,215891,385939,1.7876567341853065,1349557,2272130,1.6836117333317526,0.33642284057971017,0.31469878260869566,0.9354263285644325,1.4500894878775383,0.06774625560426983,1.6264634132385254
2018-12-27,2024-12-22 14:15:06.388570,30.156811377384695,29.959999084472656,29,36,2494.54908586959,2494.498749099465,2495.0,2495.0,0.08692571660459622,0.08240089025385762,0.024153562450898836,0.024212841323418968,86310,114179,1.3228942185146564,302871,547777,1.808614888847067,0.3415222881355932,0.3355962711864407,0.9826482277876993,1.2595974615534993,0.19681229291203906,1.3794021606445312
2018-12-28,2024-12-22 14:15:07.763063,28.307488641724177,28.34000015258789,28,35,2488.4971006385886,2488.3961555219666,2490.0,2490.0,0.07667625582034242,0.07437201223469199,0.023758325060155117,0.023890079535737456,80362,112034,1.394116622284164,270710,549689,2.03054560230505,0.28520099750623445,0.32884422277639236,1.1530262013519215,1.3278187306040572,0.03251151086371351,1.3743093013763428
2018-12-31,2024-12-22 14:15:09.173280,25.443345235738807,25.420000076293945,25,32,2510.0,2509.749439977901,2510.0,2510.0,0.061566287782167294,0.0612540879451639,0.024252359595681148,0.024258945898476655,53039,106080,2.0000377081015857,305199,586007,1.9200816516436816,0.2896940226171244,0.3068815024232633,1.0593297702550626,1.3283059197802223,0.023345159444861707,1.410019874572754
